<Schema name="Aireline Schema">
  <Dimension type="StandardDimension" visible="true" name="Passenger Information">
    <Hierarchy name="Passenger Information" visible="true" hasAll="true" primaryKey="PassengerID">
      <Table name="passinfo" alias="">
      </Table>
      <Level name="Passenger Name" visible="true" table="passinfo" column="FullName" ordinalColumn="PassengerID" type="String" internalType="String" uniqueMembers="false" levelType="Regular" hideMemberIf="Never">
      </Level>
      <Level name="Passenger Age" visible="true" table="passinfo" column="Age" ordinalColumn="PassengerID" type="Numeric" internalType="int" uniqueMembers="false" levelType="Regular" hideMemberIf="Never">
      </Level>
      <Level name="Passenger Gender" visible="true" table="passinfo" column="Gender" ordinalColumn="PassengerID" type="String" internalType="String" uniqueMembers="false" levelType="Regular" hideMemberIf="Never">
      </Level>
      <Level name="Passenger Nationality" visible="true" table="passinfo" column="Nationality" ordinalColumn="PassengerID" type="String" internalType="String" uniqueMembers="false" levelType="Regular" hideMemberIf="Never">
      </Level>
      <Level name="Passenger Type" visible="true" table="passinfo" column="CustomerType" ordinalColumn="PassengerID" type="String" internalType="String" uniqueMembers="false" levelType="Regular" hideMemberIf="Never">
      </Level>
      <Level name="Passenger Class type" visible="true" table="passinfo" column="ClassType" ordinalColumn="ClassType" type="String" internalType="String" uniqueMembers="false" levelType="Regular" hideMemberIf="Never">
      </Level>
      <Level name="Passenger Travel Type" visible="true" table="passinfo" column="TypeTravel" ordinalColumn="PassengerID" type="String" internalType="String" uniqueMembers="false" levelType="Regular" hideMemberIf="Never">
      </Level>
      <Level name="Passenger Satisfaction" visible="true" table="passinfo" column="satisfaction" ordinalColumn="PassengerID" type="String" internalType="String" uniqueMembers="false" levelType="Regular" hideMemberIf="Never">
      </Level>
    </Hierarchy>
  </Dimension>
  <Dimension type="StandardDimension" visible="true" name="Flight Information">
    <Hierarchy name="Flight Information" visible="true" hasAll="true" primaryKey="FlightID">
      <Table name="airlineinfo" alias="">
      </Table>
      <Level name="Airline Name" visible="true" table="airlineinfo" column="AirlineName" ordinalColumn="FlightID" type="String" internalType="String" uniqueMembers="false" levelType="Regular" hideMemberIf="Never">
      </Level>
      <Level name="Airport Name" visible="true" table="airlineinfo" column="AirportName" ordinalColumn="FlightID" type="String" internalType="String" uniqueMembers="false" levelType="Regular" hideMemberIf="Never">
      </Level>
      <Level name="Airport Country Name" visible="true" table="airlineinfo" column="CountryName" ordinalColumn="FlightID" type="String" internalType="String" uniqueMembers="false" levelType="Regular" hideMemberIf="Never">
      </Level>
      <Level name="Airport Continent Name" visible="true" table="airlineinfo" column="Continents" ordinalColumn="FlightID" type="String" internalType="String" uniqueMembers="false" levelType="Regular" hideMemberIf="Never">
      </Level>
      <Level name="Arrival Airport Name " visible="true" table="airlineinfo" column="ArrivalAirport" ordinalColumn="FlightID" type="String" internalType="String" uniqueMembers="false" levelType="Regular" hideMemberIf="Never">
      </Level>
      <Level name="Departure Date" visible="true" table="airlineinfo" column="DepartureDate" ordinalColumn="FlightID" type="Date" uniqueMembers="false" levelType="Regular" hideMemberIf="Never">
      </Level>
      <Level name="Flight Status" visible="true" table="airlineinfo" column="FlightStatus" ordinalColumn="FlightID" type="String" internalType="String" uniqueMembers="false" levelType="Regular" hideMemberIf="Never">
      </Level>
      <Level name="Pilot Name" visible="true" column="PilotName" ordinalColumn="FlightID" type="String" internalType="String" uniqueMembers="false" levelType="Regular">
      </Level>
    </Hierarchy>
  </Dimension>
  <Dimension type="StandardDimension" visible="true" name="Rating Scores">
    <Hierarchy name="Rating Score" visible="true" hasAll="true" primaryKey="ratingID">
      <Table name="rating" alias="">
      </Table>
      <Level name="Inflight service rating" visible="true" table="rating" column="InflightService" ordinalColumn="ratingID" type="Numeric" internalType="int" uniqueMembers="false" levelType="Regular" hideMemberIf="Never">
      </Level>
      <Level name="Baggage Handling Score" visible="true" table="rating" column="BaggageHandling" ordinalColumn="ratingID" type="Numeric" internalType="int" uniqueMembers="false" levelType="Regular" hideMemberIf="Never">
      </Level>
      <Level name="Arrival Delay Score" visible="true" table="rating" column="ArrivalDelay" ordinalColumn="ratingID" type="Numeric" internalType="int" uniqueMembers="false" levelType="Regular" hideMemberIf="Never">
      </Level>
      <Level name="Checkin service rating score" visible="true" table="rating" column="CheckinService" ordinalColumn="ratingID" type="Numeric" internalType="int" uniqueMembers="false" levelType="Regular" hideMemberIf="Never">
      </Level>
      <Level name="Cleanliness Rating Score" visible="true" table="rating" column="Cleanliness" ordinalColumn="ratingID" type="Numeric" internalType="int" uniqueMembers="false" levelType="Regular" hideMemberIf="Never">
      </Level>
      <Level name="Departure/Arrival  Convinience Rating Score" visible="true" table="rating" column="Dep_ArrConvenience" ordinalColumn="ratingID" type="Numeric" internalType="int" uniqueMembers="false" levelType="Regular" hideMemberIf="Never">
      </Level>
      <Level name="Departure Delay Rating Score" visible="true" table="rating" column="DepartureDelay" ordinalColumn="ratingID" type="Numeric" internalType="int" uniqueMembers="false" levelType="Regular" hideMemberIf="Never">
      </Level>
      <Level name="Ease of Online Booking Rating Score" visible="true" table="rating" column="EaseOnlinebooking" ordinalColumn="ratingID" type="Numeric" internalType="int" uniqueMembers="false" levelType="Regular" hideMemberIf="Never">
      </Level>
      <Level name="Food and Drinks Rating Score" visible="true" table="rating" column="Food_drink" ordinalColumn="ratingID" type="Numeric" internalType="int" uniqueMembers="false" levelType="Regular" hideMemberIf="Never">
      </Level>
      <Level name="WIFI Rating Score" visible="true" table="rating" column="wifiService" ordinalColumn="ratingID" type="Numeric" internalType="int" uniqueMembers="false" levelType="Regular">
      </Level>
    </Hierarchy>
  </Dimension>
  <Cube name="fact_passenger_satisfaction" visible="true" cache="true" enabled="true">
    <Table name="passenger_satisfaction" alias="">
    </Table>
    <DimensionUsage source="Flight Information" usagePrefix="airlineinfo" name="airlineinfo" visible="true" foreignKey="FlightID">
    </DimensionUsage>
    <DimensionUsage source="Rating Scores" usagePrefix="rating" name="rating" visible="true" foreignKey="ratingID">
    </DimensionUsage>
    <DimensionUsage source="Passenger Information" usagePrefix="passinfo" name="passinfo" visible="true" foreignKey="PassengerID">
    </DimensionUsage>
    <Measure name="Total Number of passengers" column="Number_of_Passengers" datatype="Numeric" aggregator="sum" visible="true">
    </Measure>
    <Measure name="Overall satisfaction rating" column="Overall_Satisfaction_Rating" datatype="Numeric" aggregator="avg" visible="true">
    </Measure>
    <Measure name="Average rating of food and drinks" column="AverageRating_FoodandDrink" datatype="Numeric" aggregator="avg" visible="true">
    </Measure>
    <Measure name="Average rating of Ease of online booking" column="AverageRating_EaseofOnlineBooking" datatype="Numeric" aggregator="avg" visible="true">
    </Measure>
    <Measure name="Average rating of cleanilness" column="AverageRating_cleanliness" datatype="Numeric" aggregator="avg" visible="true">
    </Measure>
    <Measure name="Average rating of Departure Delay" column="AverageRating_DepartureDelay" datatype="Numeric" aggregator="avg" visible="true">
    </Measure>
  </Cube>
</Schema>
